# Designator,Pitch,Rrot,Dsupport,r0,z0,r1,z1,r2,z2,r3,z3
PCO-1810-ext,3.18,12.055,24.51,0,-1.13,0,1.13,1.66,0.5258,1.66,-0.5258
PCO-1810-int,3.18,-14.045,27.69,0,1.0423,0,-1.0423,1.38,-0.54,1.38,0.54
PCO-1881-ext,2.7,11.52381,24.2,0,-0.987894698,0,0.987894698,2.17619,0.604173686,2.17619,-0.195826314
PCO-1881-int,2.7,-14.406,27.66,0,1.212894698,0,-0.762894698,1.656,-0.470897218,1.656,0.610159990
